{
  "_设置页_面板宽占比": 0.88,
  "_设置页_面板高占比": 0.78,
  "_设置页_面板整体缩放": 1.0,
  "_设置页_面板_x偏移": 0,
  "_设置页_面板_y偏移": 0,
  "_设置页_左区_x占比": 0.14924242424242423,
  "_设置页_左区_y占比": 0.10846953937592868,
  "_设置页_左区_宽占比": 0.1315390346452523,
  "_设置页_左区_行高占比": 0.06712049972167135,
  "_设置页_左区_行间距像素": 22,
  "_设置页_右区_x占比": 0.32089994079336887,
  "_设置页_右区_y占比": 0.0,
  "_设置页_右区_宽占比": 0.6111426879810539,
  "_设置页_右区_高占比": 0.6,
  "_设置页_右区_额外偏移": [
    0,
    0
  ],
  "_设置页_右区_预览内边距": 20,
  "_设置页_箭头预览_x占比": 0.2030787448194198,
  "_设置页_箭头预览_y占比": 0.7458703939008895,
  "_设置页_箭头预览_宽占比": 0.07282415630550622,
  "_设置页_箭头预览_高占比": 0.13595933926302414,
  "_设置页_箭头预览_额外偏移": [
    0,
    0
  ],
  "_设置页_箭头预览_内边距": 0,
  "_设置页_左区_行偏移覆盖": {
    "调速": [
      8,
      0
    ],
    "变速": [
      -33,
      -1
    ],
    "变速类型": [
      -52,
      -4
    ],
    "隐藏": [
      -56,
      -9
    ],
    "轨迹": [
      -54,
      -11
    ],
    "方向": [
      -37,
      -15
    ],
    "大小": [
      -19,
      -18
    ]
  },
  "_设置页_右区_预览框_偏移": [
    -10,
    118
  ],
  "_设置页_右区_预览框_宽缩放": 0.8800000000000001,
  "_设置页_右区_预览框_高缩放": 0.8999999999999999,
  "_设置页_右区_左大箭头_偏移": [
    25,
    85
  ],
  "_设置页_右区_右大箭头_偏移": [
    8,
    146
  ],
  "_设置页_右区_左大箭头_缩放": 1.0,
  "_设置页_右区_右大箭头_缩放": 1.0
}