{
  "小窗": {
    "x": 338,
    "y": 293,
    "w": 656,
    "h": 340
  },
  "主图": {
    "资源键": "升级",
    "基准中心x": 0.52,
    "基准中心y": 0.10499999999999993,
    "基准宽": 358.0,
    "基准高": 218.0,
    "开始": 0.0,
    "结束": 1.0,
    "初始缩放": 0.78,
    "峰值缩放": 1.38,
    "回落缩放": 1.0,
    "峰值分界": 0.18,
    "回落分界": 0.32,
    "alpha倍率": 1.0
  },
  "左上": {
    "资源键": "左上",
    "中心x": 0.32999999999999996,
    "中心y": -0.04999999999999999,
    "尺寸": 134.0,
    "开始": 0.22,
    "结束": 0.42,
    "起始缩放": 0.5,
    "结束缩放": 0.92,
    "alpha起": 0,
    "alpha止": 190
  },
  "右上": {
    "资源键": "右上",
    "中心x": 0.66,
    "中心y": -0.025000000000000005,
    "尺寸": 168.0,
    "开始": 0.1,
    "结束": 0.28,
    "起始缩放": 0.5,
    "结束缩放": 0.92,
    "alpha起": 0,
    "alpha止": 190
  },
  "左下": {
    "资源键": "左下",
    "中心x": 0.32,
    "中心y": 0.3400000000000001,
    "尺寸": 130.0,
    "开始": 0.22,
    "结束": 0.42,
    "起始缩放": 0.5,
    "结束缩放": 0.92,
    "alpha起": 0,
    "alpha止": 190
  },
  "右下": {
    "资源键": "右下",
    "中心x": 0.655,
    "中心y": 0.3500000000000001,
    "尺寸": 152.0,
    "开始": 0.38,
    "结束": 0.58,
    "起始缩放": 0.5,
    "结束缩放": 0.92,
    "alpha起": 0,
    "alpha止": 190
  }
}
